company,location,title
Xapo,"Anywhere, remote working, Anywhere, remote working, Anywhere, remote working",Core Bitcoin Developer - Remote
CB Insights,"New York, New York, USA","Software Engineer, Data"
CB Insights,"New York, New York, USA",Data Scientist
CB Insights,"New York, New York, USA",Engineering Manager
CB Insights,"Remote, USA",Engineering Manager (Remote)
Scrapinghub,"Remote - Work from Anywhere, Remote - Work from Anywhere",Python Developer —  Full time Remote
Artemis Consulting Inc,"Washington, District of Columbia, United States",Pyhton Developer
Stiftelsen Flowminder,"Southampton, Hampshire, United Kingdom",Senior Python Developer
CB Insights,"New York, New York, USA",Senior Software Engineer (BACKEND)
CB Insights,"New York, USA",Engineering Manager (REMOTE)
Itechscope,"Athens, Athens, Greece",Python Data Engineer
Horizons Incorporated,"Cleveland, OH, United States",Python-Django Developer
Piclo,"London, United Kingdom",Experienced Software Developer
Ro,"Anywhere, Anywhere",Senior Python/Django Backend Engineer
Kognitiv,"Toronto,, Ontario, Canada",Lead Software Developer (Python)
Integrated Informatics Inc.,"Houston, TX, USA",Senior Software Engineer (Data Science / GIS)
i-Kno Knowledge Solutions,"Pretoria, Gauteng, South Africa",Python/Django Developer
Protection Engineering Consultants LLC,"AUSTIN, TX, United States",Machine Learning and Data Science Developer
OVAD Custom Stages,"Troy, Michigan, United States",Software Engineer
Quest Analytics,"Kansas City, Missouri, USA",Software engineer-Python
Quest Analytics,"Kansas City, Missouri, USA",Software engineer-Python
"Datacurate, India","Mumbai, Maharashtra, India",Software Developer
Kite,"San Francisco, California, United States",Developer Relations
Confidential,"Pittsburgh, PA, USA",Senior Backend Engineer
AcuStaf Software,"Bloomington, Minnesota, USA",Senior Python Engineer
iXperience,"Tel Aviv, Israel",Python Head Teacher
Nefeli Networks,"Greater SF Bay Area, CA, United States",Automation QA Engineer
"MINDBODY, Inc.","Irvine, CA, United States",Senior Data Warehouse Engineer
HEBES Intelligence,"Athens, Greece",Python Developer
Cynet Systems,"Irvine, California, United States",Python Developer
Gaming Innovation Group,"St Julian's, Malta, Malta",Senior Python Developer
AutoCruitment,"Remote, Canada",Frontend Developer
TimePay,"Mumbai, Maharashtra, India",Python Software Engineer
kWh Analytics,"San Francisco, California, USA",Full Stack Engineer
The Renal Association,"Bristol, South West England, United Kingdom",Python Developer
Memrise,"London, United Kingdom",Senior Data Engineer
Octopus Labs,"London, United Kingdom",Python Developer
Akamai Technologies,"Cambridge, MASSACHUSETTS, United States",Software Engineer II
DXC,"Sestri Levante, Genoa, Italy",Python Developer
Spark Networks Services GmbH,"Berlin, Germany",(Senior) Data Engineer (f/m/d)
Networkers,"Toronto, Ontario, Canada",Python Developer
Yale Center for Biodiversity and Global Change,"New Haven (Remote work will be considered), Connecticut, USA",Mobile App Developer
Yale Center for Biodiversity and Global Change,"New Haven, Connecticut, USA",Spatial Biodiversity Data Analyst
Yale Center for Biodiversity and Global Change,"New Haven, Connecticut, USA",SOFTWARE ENGINEER (FULL-STACK) 
TMP Worldwide,"New York, NY, United States",DATA ENGINEER - BUSINESS INTELLIGENCE DEVELOPER
Labster,"Kiev, Ukraine",Lead Developer
Labster,"Kiev, Ukraine",Senior Software Engineer
IMT Computer Services,"West Des Moines, Iowa, USA",Full Stack Web Developer 
AccruePartners,"Charlotte, NC, United States",Sr. Python Developer
Crew Consulting,"Dunedin, New Zealand",Senior Python Developer
Cyber Infrastructure Pvt. Ltd.,"Indore, Madhya Pradesh, India",Python Developer
Electonic Health Network,"Silver Spring, Maryland, USA",Healthcare Data Managment
Princeton IT Services,"Columbus, Ohio, USA",Senior Python Developer
Bulb,"London, Shoreditch, United Kingdom",Lead Engineer
FORS,"Lausanne, - Sélectionner -, Suisse",Senior Software Engineer (Python/Django)
Royal Bank of Canada  - Capital Markets,"New York City or Exchange Place New Jersey, New York, New Jersey, USA",Contract Python  Developer
Chronomics,"London, UK",Python Backend Developer - Cutting edge health tech startup
HCI Consulting Inc.,"Kitchener /  Waterloo, Ontario, Canada",Full Stack Developer (Python/Django)
15Five,"NYC, Netherlands, Portugal, Ukraine, Poland",Senior Python Engineer
HiringSolved,"Chandler, Arizona, United States","Full-Stack Engineer, Python & Javascript"
Patreon,"San Francisco, CA, USA","Senior Backend Engineer, Platform"
Horizon Investments,"Charlotte, North Carolina, United States",Lead / Senior Developer
Colgate-Palmolive Company,"Piscataway, NJ, United States",Full Stack Developer (Django Python)
Stylight GmbH,"München, Deutschland, Germany",Tech Lead (m/f/d)
Beauhurst,"London, London, United Kingdom",Grad Full Stack Web Developer - Experience: 0 yrs +
Apex Systems,"Madrid, Spain",Fullstack Python Developer
Carbon Co-op,"Manchester, Greater Manchester, UK",Full Stack Developer (Python/Django)
Bitergia,"Leganes, Madrid, Spain",Python Developer
Tencoins,"Ta'Xbiex, Malta",Python Developer
SDI IT Services Development International,"Ciudad de México, Ciudad de México, Mexico",Ing de Pruebas Automatización 
"The Wharton School, University of Pennsylvania","Philadelphia, PA, US",Solutions Developer
Bamboo Insurance,"Woodside, California, United States",Python Developer and Engineer
"Speak Clearly, LLC","REMOTE, California, US",Edtech web app developer
Xapo,"Remote - Work from Anywhere, Remote - Work from Anywhere",Python Developer - Full time Remote working Excellent comp
Columbia Advisory Group,"Dallas, Texas, United States",Sr. Python Developer
Hangar A,"Chicago, IL, USA",Senior Software Engineer
nPlan,"London, London, London",Django/Celery Developer
Visual Labs,"Menlo Park, California, USA",Software Engineer
BrightPoint,"Budapest, Hungary",Quantitative Developer
Chapman Tate,"London, United Kingdom",Python Developer
Bureau of Meteorology,"Melbourne, Victoria, Australia",Data Scientist
DomainTools,"Seattle, Washington, USA",Software Engineer 2 Backend
DomainTools,"Seattle, Washington, USA",Principal Software Engineer
Vimeo,"New York, NY, USA",Python Software Engineer (ML & Search Team)
ettain group,"Charlotte, North Carolina, United Stated",Capital Markets Python Developer
RedShelf,"Chicago, Illinois, United States",Tech Lead
TutorCruncher,"London, London, United Kingdom",On site mid level Django Developer wanted for Software Startup
Arkera,"London, UK - All Regions, United Kingdom",Backend Software Engineer
DomainTools,"Seattle, Washington, USA",Senior Software Engineer
Enthought,"Cambridge, North East England, UK",Scientific Software Developer
CERN,"Geneva, Switzerland",Python Software Engineer
Bulb,"London, United Kingdom",Python Engineer 
Bright Network,"London, United Kingdom",Software Developer
CISCO,"Raleigh, North Carolina, USA",Python Developer
Kopano,"Delft, Zuid-Holland, Netherlands",Senior Backend Python Developer
